Age,Salary,Predicted,Prob
25,20000,0,0.0
25,50000,0,0.0
25,100000,0,0.14285714285714285
25,500000,1,1.0
25,1000000,1,1.0
55,20000,1,1.0
55,50000,1,0.8571428571428571
55,100000,1,0.8571428571428571
55,500000,1,1.0
55,1000000,1,1.0
